"fld_dim","sim","fit_model","job"
50,1,"MGCV",1
100,1,"MGCV",2
200,1,"MGCV",3
300,1,"MGCV",4
50,2,"MGCV",5
100,2,"MGCV",6
200,2,"MGCV",7
300,2,"MGCV",8
50,3,"MGCV",9
100,3,"MGCV",10
200,3,"MGCV",11
300,3,"MGCV",12
50,4,"MGCV",13
100,4,"MGCV",14
200,4,"MGCV",15
300,4,"MGCV",16
50,5,"MGCV",17
100,5,"MGCV",18
200,5,"MGCV",19
300,5,"MGCV",20
50,6,"MGCV",21
100,6,"MGCV",22
200,6,"MGCV",23
300,6,"MGCV",24
50,7,"MGCV",25
100,7,"MGCV",26
200,7,"MGCV",27
300,7,"MGCV",28
50,8,"MGCV",29
100,8,"MGCV",30
200,8,"MGCV",31
300,8,"MGCV",32
50,9,"MGCV",33
100,9,"MGCV",34
200,9,"MGCV",35
300,9,"MGCV",36
50,10,"MGCV",37
100,10,"MGCV",38
200,10,"MGCV",39
300,10,"MGCV",40
50,11,"MGCV",41
100,11,"MGCV",42
200,11,"MGCV",43
300,11,"MGCV",44
50,12,"MGCV",45
100,12,"MGCV",46
200,12,"MGCV",47
300,12,"MGCV",48
50,13,"MGCV",49
100,13,"MGCV",50
200,13,"MGCV",51
300,13,"MGCV",52
50,14,"MGCV",53
100,14,"MGCV",54
200,14,"MGCV",55
300,14,"MGCV",56
50,15,"MGCV",57
100,15,"MGCV",58
200,15,"MGCV",59
300,15,"MGCV",60
50,16,"MGCV",61
100,16,"MGCV",62
200,16,"MGCV",63
300,16,"MGCV",64
50,17,"MGCV",65
100,17,"MGCV",66
200,17,"MGCV",67
300,17,"MGCV",68
50,18,"MGCV",69
100,18,"MGCV",70
200,18,"MGCV",71
300,18,"MGCV",72
50,19,"MGCV",73
100,19,"MGCV",74
200,19,"MGCV",75
300,19,"MGCV",76
50,20,"MGCV",77
100,20,"MGCV",78
200,20,"MGCV",79
300,20,"MGCV",80
50,21,"MGCV",81
100,21,"MGCV",82
200,21,"MGCV",83
300,21,"MGCV",84
50,22,"MGCV",85
100,22,"MGCV",86
200,22,"MGCV",87
300,22,"MGCV",88
50,23,"MGCV",89
100,23,"MGCV",90
200,23,"MGCV",91
300,23,"MGCV",92
50,24,"MGCV",93
100,24,"MGCV",94
200,24,"MGCV",95
300,24,"MGCV",96
50,25,"MGCV",97
100,25,"MGCV",98
200,25,"MGCV",99
300,25,"MGCV",100
50,26,"MGCV",101
100,26,"MGCV",102
200,26,"MGCV",103
300,26,"MGCV",104
50,27,"MGCV",105
100,27,"MGCV",106
200,27,"MGCV",107
300,27,"MGCV",108
50,28,"MGCV",109
100,28,"MGCV",110
200,28,"MGCV",111
300,28,"MGCV",112
50,29,"MGCV",113
100,29,"MGCV",114
200,29,"MGCV",115
300,29,"MGCV",116
50,30,"MGCV",117
100,30,"MGCV",118
200,30,"MGCV",119
300,30,"MGCV",120
50,31,"MGCV",121
100,31,"MGCV",122
200,31,"MGCV",123
300,31,"MGCV",124
50,32,"MGCV",125
100,32,"MGCV",126
200,32,"MGCV",127
300,32,"MGCV",128
50,33,"MGCV",129
100,33,"MGCV",130
200,33,"MGCV",131
300,33,"MGCV",132
50,34,"MGCV",133
100,34,"MGCV",134
200,34,"MGCV",135
300,34,"MGCV",136
50,35,"MGCV",137
100,35,"MGCV",138
200,35,"MGCV",139
300,35,"MGCV",140
50,36,"MGCV",141
100,36,"MGCV",142
200,36,"MGCV",143
300,36,"MGCV",144
50,37,"MGCV",145
100,37,"MGCV",146
200,37,"MGCV",147
300,37,"MGCV",148
50,38,"MGCV",149
100,38,"MGCV",150
200,38,"MGCV",151
300,38,"MGCV",152
50,39,"MGCV",153
100,39,"MGCV",154
200,39,"MGCV",155
300,39,"MGCV",156
50,40,"MGCV",157
100,40,"MGCV",158
200,40,"MGCV",159
300,40,"MGCV",160
50,41,"MGCV",161
100,41,"MGCV",162
200,41,"MGCV",163
300,41,"MGCV",164
50,42,"MGCV",165
100,42,"MGCV",166
200,42,"MGCV",167
300,42,"MGCV",168
50,43,"MGCV",169
100,43,"MGCV",170
200,43,"MGCV",171
300,43,"MGCV",172
50,44,"MGCV",173
100,44,"MGCV",174
200,44,"MGCV",175
300,44,"MGCV",176
50,45,"MGCV",177
100,45,"MGCV",178
200,45,"MGCV",179
300,45,"MGCV",180
50,46,"MGCV",181
100,46,"MGCV",182
200,46,"MGCV",183
300,46,"MGCV",184
50,47,"MGCV",185
100,47,"MGCV",186
200,47,"MGCV",187
300,47,"MGCV",188
50,48,"MGCV",189
100,48,"MGCV",190
200,48,"MGCV",191
300,48,"MGCV",192
50,49,"MGCV",193
100,49,"MGCV",194
200,49,"MGCV",195
300,49,"MGCV",196
50,50,"MGCV",197
100,50,"MGCV",198
200,50,"MGCV",199
300,50,"MGCV",200
50,51,"MGCV",201
100,51,"MGCV",202
200,51,"MGCV",203
300,51,"MGCV",204
50,52,"MGCV",205
100,52,"MGCV",206
200,52,"MGCV",207
300,52,"MGCV",208
50,53,"MGCV",209
100,53,"MGCV",210
200,53,"MGCV",211
300,53,"MGCV",212
50,54,"MGCV",213
100,54,"MGCV",214
200,54,"MGCV",215
300,54,"MGCV",216
50,55,"MGCV",217
100,55,"MGCV",218
200,55,"MGCV",219
300,55,"MGCV",220
50,56,"MGCV",221
100,56,"MGCV",222
200,56,"MGCV",223
300,56,"MGCV",224
50,57,"MGCV",225
100,57,"MGCV",226
200,57,"MGCV",227
300,57,"MGCV",228
50,58,"MGCV",229
100,58,"MGCV",230
200,58,"MGCV",231
300,58,"MGCV",232
50,59,"MGCV",233
100,59,"MGCV",234
200,59,"MGCV",235
300,59,"MGCV",236
50,60,"MGCV",237
100,60,"MGCV",238
200,60,"MGCV",239
300,60,"MGCV",240
50,61,"MGCV",241
100,61,"MGCV",242
200,61,"MGCV",243
300,61,"MGCV",244
50,62,"MGCV",245
100,62,"MGCV",246
200,62,"MGCV",247
300,62,"MGCV",248
50,63,"MGCV",249
100,63,"MGCV",250
200,63,"MGCV",251
300,63,"MGCV",252
50,64,"MGCV",253
100,64,"MGCV",254
200,64,"MGCV",255
300,64,"MGCV",256
50,65,"MGCV",257
100,65,"MGCV",258
200,65,"MGCV",259
300,65,"MGCV",260
50,66,"MGCV",261
100,66,"MGCV",262
200,66,"MGCV",263
300,66,"MGCV",264
50,67,"MGCV",265
100,67,"MGCV",266
200,67,"MGCV",267
300,67,"MGCV",268
50,68,"MGCV",269
100,68,"MGCV",270
200,68,"MGCV",271
300,68,"MGCV",272
50,69,"MGCV",273
100,69,"MGCV",274
200,69,"MGCV",275
300,69,"MGCV",276
50,70,"MGCV",277
100,70,"MGCV",278
200,70,"MGCV",279
300,70,"MGCV",280
50,71,"MGCV",281
100,71,"MGCV",282
200,71,"MGCV",283
300,71,"MGCV",284
50,72,"MGCV",285
100,72,"MGCV",286
200,72,"MGCV",287
300,72,"MGCV",288
50,73,"MGCV",289
100,73,"MGCV",290
200,73,"MGCV",291
300,73,"MGCV",292
50,74,"MGCV",293
100,74,"MGCV",294
200,74,"MGCV",295
300,74,"MGCV",296
50,75,"MGCV",297
100,75,"MGCV",298
200,75,"MGCV",299
300,75,"MGCV",300
50,76,"MGCV",301
100,76,"MGCV",302
200,76,"MGCV",303
300,76,"MGCV",304
50,77,"MGCV",305
100,77,"MGCV",306
200,77,"MGCV",307
300,77,"MGCV",308
50,78,"MGCV",309
100,78,"MGCV",310
200,78,"MGCV",311
300,78,"MGCV",312
50,79,"MGCV",313
100,79,"MGCV",314
200,79,"MGCV",315
300,79,"MGCV",316
50,80,"MGCV",317
100,80,"MGCV",318
200,80,"MGCV",319
300,80,"MGCV",320
50,81,"MGCV",321
100,81,"MGCV",322
200,81,"MGCV",323
300,81,"MGCV",324
50,82,"MGCV",325
100,82,"MGCV",326
200,82,"MGCV",327
300,82,"MGCV",328
50,83,"MGCV",329
100,83,"MGCV",330
200,83,"MGCV",331
300,83,"MGCV",332
50,84,"MGCV",333
100,84,"MGCV",334
200,84,"MGCV",335
300,84,"MGCV",336
50,85,"MGCV",337
100,85,"MGCV",338
200,85,"MGCV",339
300,85,"MGCV",340
50,86,"MGCV",341
100,86,"MGCV",342
200,86,"MGCV",343
300,86,"MGCV",344
50,87,"MGCV",345
100,87,"MGCV",346
200,87,"MGCV",347
300,87,"MGCV",348
50,88,"MGCV",349
100,88,"MGCV",350
200,88,"MGCV",351
300,88,"MGCV",352
50,89,"MGCV",353
100,89,"MGCV",354
200,89,"MGCV",355
300,89,"MGCV",356
50,90,"MGCV",357
100,90,"MGCV",358
200,90,"MGCV",359
300,90,"MGCV",360
50,91,"MGCV",361
100,91,"MGCV",362
200,91,"MGCV",363
300,91,"MGCV",364
50,92,"MGCV",365
100,92,"MGCV",366
200,92,"MGCV",367
300,92,"MGCV",368
50,93,"MGCV",369
100,93,"MGCV",370
200,93,"MGCV",371
300,93,"MGCV",372
50,94,"MGCV",373
100,94,"MGCV",374
200,94,"MGCV",375
300,94,"MGCV",376
50,95,"MGCV",377
100,95,"MGCV",378
200,95,"MGCV",379
300,95,"MGCV",380
50,96,"MGCV",381
100,96,"MGCV",382
200,96,"MGCV",383
300,96,"MGCV",384
50,97,"MGCV",385
100,97,"MGCV",386
200,97,"MGCV",387
300,97,"MGCV",388
50,98,"MGCV",389
100,98,"MGCV",390
200,98,"MGCV",391
300,98,"MGCV",392
50,99,"MGCV",393
100,99,"MGCV",394
200,99,"MGCV",395
300,99,"MGCV",396
50,100,"MGCV",397
100,100,"MGCV",398
200,100,"MGCV",399
300,100,"MGCV",400
50,1,"MGCV FIXED",401
100,1,"MGCV FIXED",402
200,1,"MGCV FIXED",403
300,1,"MGCV FIXED",404
50,2,"MGCV FIXED",405
100,2,"MGCV FIXED",406
200,2,"MGCV FIXED",407
300,2,"MGCV FIXED",408
50,3,"MGCV FIXED",409
100,3,"MGCV FIXED",410
200,3,"MGCV FIXED",411
300,3,"MGCV FIXED",412
50,4,"MGCV FIXED",413
100,4,"MGCV FIXED",414
200,4,"MGCV FIXED",415
300,4,"MGCV FIXED",416
50,5,"MGCV FIXED",417
100,5,"MGCV FIXED",418
200,5,"MGCV FIXED",419
300,5,"MGCV FIXED",420
50,6,"MGCV FIXED",421
100,6,"MGCV FIXED",422
200,6,"MGCV FIXED",423
300,6,"MGCV FIXED",424
50,7,"MGCV FIXED",425
100,7,"MGCV FIXED",426
200,7,"MGCV FIXED",427
300,7,"MGCV FIXED",428
50,8,"MGCV FIXED",429
100,8,"MGCV FIXED",430
200,8,"MGCV FIXED",431
300,8,"MGCV FIXED",432
50,9,"MGCV FIXED",433
100,9,"MGCV FIXED",434
200,9,"MGCV FIXED",435
300,9,"MGCV FIXED",436
50,10,"MGCV FIXED",437
100,10,"MGCV FIXED",438
200,10,"MGCV FIXED",439
300,10,"MGCV FIXED",440
50,11,"MGCV FIXED",441
100,11,"MGCV FIXED",442
200,11,"MGCV FIXED",443
300,11,"MGCV FIXED",444
50,12,"MGCV FIXED",445
100,12,"MGCV FIXED",446
200,12,"MGCV FIXED",447
300,12,"MGCV FIXED",448
50,13,"MGCV FIXED",449
100,13,"MGCV FIXED",450
200,13,"MGCV FIXED",451
300,13,"MGCV FIXED",452
50,14,"MGCV FIXED",453
100,14,"MGCV FIXED",454
200,14,"MGCV FIXED",455
300,14,"MGCV FIXED",456
50,15,"MGCV FIXED",457
100,15,"MGCV FIXED",458
200,15,"MGCV FIXED",459
300,15,"MGCV FIXED",460
50,16,"MGCV FIXED",461
100,16,"MGCV FIXED",462
200,16,"MGCV FIXED",463
300,16,"MGCV FIXED",464
50,17,"MGCV FIXED",465
100,17,"MGCV FIXED",466
200,17,"MGCV FIXED",467
300,17,"MGCV FIXED",468
50,18,"MGCV FIXED",469
100,18,"MGCV FIXED",470
200,18,"MGCV FIXED",471
300,18,"MGCV FIXED",472
50,19,"MGCV FIXED",473
100,19,"MGCV FIXED",474
200,19,"MGCV FIXED",475
300,19,"MGCV FIXED",476
50,20,"MGCV FIXED",477
100,20,"MGCV FIXED",478
200,20,"MGCV FIXED",479
300,20,"MGCV FIXED",480
50,21,"MGCV FIXED",481
100,21,"MGCV FIXED",482
200,21,"MGCV FIXED",483
300,21,"MGCV FIXED",484
50,22,"MGCV FIXED",485
100,22,"MGCV FIXED",486
200,22,"MGCV FIXED",487
300,22,"MGCV FIXED",488
50,23,"MGCV FIXED",489
100,23,"MGCV FIXED",490
200,23,"MGCV FIXED",491
300,23,"MGCV FIXED",492
50,24,"MGCV FIXED",493
100,24,"MGCV FIXED",494
200,24,"MGCV FIXED",495
300,24,"MGCV FIXED",496
50,25,"MGCV FIXED",497
100,25,"MGCV FIXED",498
200,25,"MGCV FIXED",499
300,25,"MGCV FIXED",500
50,26,"MGCV FIXED",501
100,26,"MGCV FIXED",502
200,26,"MGCV FIXED",503
300,26,"MGCV FIXED",504
50,27,"MGCV FIXED",505
100,27,"MGCV FIXED",506
200,27,"MGCV FIXED",507
300,27,"MGCV FIXED",508
50,28,"MGCV FIXED",509
100,28,"MGCV FIXED",510
200,28,"MGCV FIXED",511
300,28,"MGCV FIXED",512
50,29,"MGCV FIXED",513
100,29,"MGCV FIXED",514
200,29,"MGCV FIXED",515
300,29,"MGCV FIXED",516
50,30,"MGCV FIXED",517
100,30,"MGCV FIXED",518
200,30,"MGCV FIXED",519
300,30,"MGCV FIXED",520
50,31,"MGCV FIXED",521
100,31,"MGCV FIXED",522
200,31,"MGCV FIXED",523
300,31,"MGCV FIXED",524
50,32,"MGCV FIXED",525
100,32,"MGCV FIXED",526
200,32,"MGCV FIXED",527
300,32,"MGCV FIXED",528
50,33,"MGCV FIXED",529
100,33,"MGCV FIXED",530
200,33,"MGCV FIXED",531
300,33,"MGCV FIXED",532
50,34,"MGCV FIXED",533
100,34,"MGCV FIXED",534
200,34,"MGCV FIXED",535
300,34,"MGCV FIXED",536
50,35,"MGCV FIXED",537
100,35,"MGCV FIXED",538
200,35,"MGCV FIXED",539
300,35,"MGCV FIXED",540
50,36,"MGCV FIXED",541
100,36,"MGCV FIXED",542
200,36,"MGCV FIXED",543
300,36,"MGCV FIXED",544
50,37,"MGCV FIXED",545
100,37,"MGCV FIXED",546
200,37,"MGCV FIXED",547
300,37,"MGCV FIXED",548
50,38,"MGCV FIXED",549
100,38,"MGCV FIXED",550
200,38,"MGCV FIXED",551
300,38,"MGCV FIXED",552
50,39,"MGCV FIXED",553
100,39,"MGCV FIXED",554
200,39,"MGCV FIXED",555
300,39,"MGCV FIXED",556
50,40,"MGCV FIXED",557
100,40,"MGCV FIXED",558
200,40,"MGCV FIXED",559
300,40,"MGCV FIXED",560
50,41,"MGCV FIXED",561
100,41,"MGCV FIXED",562
200,41,"MGCV FIXED",563
300,41,"MGCV FIXED",564
50,42,"MGCV FIXED",565
100,42,"MGCV FIXED",566
200,42,"MGCV FIXED",567
300,42,"MGCV FIXED",568
50,43,"MGCV FIXED",569
100,43,"MGCV FIXED",570
200,43,"MGCV FIXED",571
300,43,"MGCV FIXED",572
50,44,"MGCV FIXED",573
100,44,"MGCV FIXED",574
200,44,"MGCV FIXED",575
300,44,"MGCV FIXED",576
50,45,"MGCV FIXED",577
100,45,"MGCV FIXED",578
200,45,"MGCV FIXED",579
300,45,"MGCV FIXED",580
50,46,"MGCV FIXED",581
100,46,"MGCV FIXED",582
200,46,"MGCV FIXED",583
300,46,"MGCV FIXED",584
50,47,"MGCV FIXED",585
100,47,"MGCV FIXED",586
200,47,"MGCV FIXED",587
300,47,"MGCV FIXED",588
50,48,"MGCV FIXED",589
100,48,"MGCV FIXED",590
200,48,"MGCV FIXED",591
300,48,"MGCV FIXED",592
50,49,"MGCV FIXED",593
100,49,"MGCV FIXED",594
200,49,"MGCV FIXED",595
300,49,"MGCV FIXED",596
50,50,"MGCV FIXED",597
100,50,"MGCV FIXED",598
200,50,"MGCV FIXED",599
300,50,"MGCV FIXED",600
50,51,"MGCV FIXED",601
100,51,"MGCV FIXED",602
200,51,"MGCV FIXED",603
300,51,"MGCV FIXED",604
50,52,"MGCV FIXED",605
100,52,"MGCV FIXED",606
200,52,"MGCV FIXED",607
300,52,"MGCV FIXED",608
50,53,"MGCV FIXED",609
100,53,"MGCV FIXED",610
200,53,"MGCV FIXED",611
300,53,"MGCV FIXED",612
50,54,"MGCV FIXED",613
100,54,"MGCV FIXED",614
200,54,"MGCV FIXED",615
300,54,"MGCV FIXED",616
50,55,"MGCV FIXED",617
100,55,"MGCV FIXED",618
200,55,"MGCV FIXED",619
300,55,"MGCV FIXED",620
50,56,"MGCV FIXED",621
100,56,"MGCV FIXED",622
200,56,"MGCV FIXED",623
300,56,"MGCV FIXED",624
50,57,"MGCV FIXED",625
100,57,"MGCV FIXED",626
200,57,"MGCV FIXED",627
300,57,"MGCV FIXED",628
50,58,"MGCV FIXED",629
100,58,"MGCV FIXED",630
200,58,"MGCV FIXED",631
300,58,"MGCV FIXED",632
50,59,"MGCV FIXED",633
100,59,"MGCV FIXED",634
200,59,"MGCV FIXED",635
300,59,"MGCV FIXED",636
50,60,"MGCV FIXED",637
100,60,"MGCV FIXED",638
200,60,"MGCV FIXED",639
300,60,"MGCV FIXED",640
50,61,"MGCV FIXED",641
100,61,"MGCV FIXED",642
200,61,"MGCV FIXED",643
300,61,"MGCV FIXED",644
50,62,"MGCV FIXED",645
100,62,"MGCV FIXED",646
200,62,"MGCV FIXED",647
300,62,"MGCV FIXED",648
50,63,"MGCV FIXED",649
100,63,"MGCV FIXED",650
200,63,"MGCV FIXED",651
300,63,"MGCV FIXED",652
50,64,"MGCV FIXED",653
100,64,"MGCV FIXED",654
200,64,"MGCV FIXED",655
300,64,"MGCV FIXED",656
50,65,"MGCV FIXED",657
100,65,"MGCV FIXED",658
200,65,"MGCV FIXED",659
300,65,"MGCV FIXED",660
50,66,"MGCV FIXED",661
100,66,"MGCV FIXED",662
200,66,"MGCV FIXED",663
300,66,"MGCV FIXED",664
50,67,"MGCV FIXED",665
100,67,"MGCV FIXED",666
200,67,"MGCV FIXED",667
300,67,"MGCV FIXED",668
50,68,"MGCV FIXED",669
100,68,"MGCV FIXED",670
200,68,"MGCV FIXED",671
300,68,"MGCV FIXED",672
50,69,"MGCV FIXED",673
100,69,"MGCV FIXED",674
200,69,"MGCV FIXED",675
300,69,"MGCV FIXED",676
50,70,"MGCV FIXED",677
100,70,"MGCV FIXED",678
200,70,"MGCV FIXED",679
300,70,"MGCV FIXED",680
50,71,"MGCV FIXED",681
100,71,"MGCV FIXED",682
200,71,"MGCV FIXED",683
300,71,"MGCV FIXED",684
50,72,"MGCV FIXED",685
100,72,"MGCV FIXED",686
200,72,"MGCV FIXED",687
300,72,"MGCV FIXED",688
50,73,"MGCV FIXED",689
100,73,"MGCV FIXED",690
200,73,"MGCV FIXED",691
300,73,"MGCV FIXED",692
50,74,"MGCV FIXED",693
100,74,"MGCV FIXED",694
200,74,"MGCV FIXED",695
300,74,"MGCV FIXED",696
50,75,"MGCV FIXED",697
100,75,"MGCV FIXED",698
200,75,"MGCV FIXED",699
300,75,"MGCV FIXED",700
50,76,"MGCV FIXED",701
100,76,"MGCV FIXED",702
200,76,"MGCV FIXED",703
300,76,"MGCV FIXED",704
50,77,"MGCV FIXED",705
100,77,"MGCV FIXED",706
200,77,"MGCV FIXED",707
300,77,"MGCV FIXED",708
50,78,"MGCV FIXED",709
100,78,"MGCV FIXED",710
200,78,"MGCV FIXED",711
300,78,"MGCV FIXED",712
50,79,"MGCV FIXED",713
100,79,"MGCV FIXED",714
200,79,"MGCV FIXED",715
300,79,"MGCV FIXED",716
50,80,"MGCV FIXED",717
100,80,"MGCV FIXED",718
200,80,"MGCV FIXED",719
300,80,"MGCV FIXED",720
50,81,"MGCV FIXED",721
100,81,"MGCV FIXED",722
200,81,"MGCV FIXED",723
300,81,"MGCV FIXED",724
50,82,"MGCV FIXED",725
100,82,"MGCV FIXED",726
200,82,"MGCV FIXED",727
300,82,"MGCV FIXED",728
50,83,"MGCV FIXED",729
100,83,"MGCV FIXED",730
200,83,"MGCV FIXED",731
300,83,"MGCV FIXED",732
50,84,"MGCV FIXED",733
100,84,"MGCV FIXED",734
200,84,"MGCV FIXED",735
300,84,"MGCV FIXED",736
50,85,"MGCV FIXED",737
100,85,"MGCV FIXED",738
200,85,"MGCV FIXED",739
300,85,"MGCV FIXED",740
50,86,"MGCV FIXED",741
100,86,"MGCV FIXED",742
200,86,"MGCV FIXED",743
300,86,"MGCV FIXED",744
50,87,"MGCV FIXED",745
100,87,"MGCV FIXED",746
200,87,"MGCV FIXED",747
300,87,"MGCV FIXED",748
50,88,"MGCV FIXED",749
100,88,"MGCV FIXED",750
200,88,"MGCV FIXED",751
300,88,"MGCV FIXED",752
50,89,"MGCV FIXED",753
100,89,"MGCV FIXED",754
200,89,"MGCV FIXED",755
300,89,"MGCV FIXED",756
50,90,"MGCV FIXED",757
100,90,"MGCV FIXED",758
200,90,"MGCV FIXED",759
300,90,"MGCV FIXED",760
50,91,"MGCV FIXED",761
100,91,"MGCV FIXED",762
200,91,"MGCV FIXED",763
300,91,"MGCV FIXED",764
50,92,"MGCV FIXED",765
100,92,"MGCV FIXED",766
200,92,"MGCV FIXED",767
300,92,"MGCV FIXED",768
50,93,"MGCV FIXED",769
100,93,"MGCV FIXED",770
200,93,"MGCV FIXED",771
300,93,"MGCV FIXED",772
50,94,"MGCV FIXED",773
100,94,"MGCV FIXED",774
200,94,"MGCV FIXED",775
300,94,"MGCV FIXED",776
50,95,"MGCV FIXED",777
100,95,"MGCV FIXED",778
200,95,"MGCV FIXED",779
300,95,"MGCV FIXED",780
50,96,"MGCV FIXED",781
100,96,"MGCV FIXED",782
200,96,"MGCV FIXED",783
300,96,"MGCV FIXED",784
50,97,"MGCV FIXED",785
100,97,"MGCV FIXED",786
200,97,"MGCV FIXED",787
300,97,"MGCV FIXED",788
50,98,"MGCV FIXED",789
100,98,"MGCV FIXED",790
200,98,"MGCV FIXED",791
300,98,"MGCV FIXED",792
50,99,"MGCV FIXED",793
100,99,"MGCV FIXED",794
200,99,"MGCV FIXED",795
300,99,"MGCV FIXED",796
50,100,"MGCV FIXED",797
100,100,"MGCV FIXED",798
200,100,"MGCV FIXED",799
300,100,"MGCV FIXED",800
50,1,"SCAMPR",801
100,1,"SCAMPR",802
200,1,"SCAMPR",803
300,1,"SCAMPR",804
50,2,"SCAMPR",805
100,2,"SCAMPR",806
200,2,"SCAMPR",807
300,2,"SCAMPR",808
50,3,"SCAMPR",809
100,3,"SCAMPR",810
200,3,"SCAMPR",811
300,3,"SCAMPR",812
50,4,"SCAMPR",813
100,4,"SCAMPR",814
200,4,"SCAMPR",815
300,4,"SCAMPR",816
50,5,"SCAMPR",817
100,5,"SCAMPR",818
200,5,"SCAMPR",819
300,5,"SCAMPR",820
50,6,"SCAMPR",821
100,6,"SCAMPR",822
200,6,"SCAMPR",823
300,6,"SCAMPR",824
50,7,"SCAMPR",825
100,7,"SCAMPR",826
200,7,"SCAMPR",827
300,7,"SCAMPR",828
50,8,"SCAMPR",829
100,8,"SCAMPR",830
200,8,"SCAMPR",831
300,8,"SCAMPR",832
50,9,"SCAMPR",833
100,9,"SCAMPR",834
200,9,"SCAMPR",835
300,9,"SCAMPR",836
50,10,"SCAMPR",837
100,10,"SCAMPR",838
200,10,"SCAMPR",839
300,10,"SCAMPR",840
50,11,"SCAMPR",841
100,11,"SCAMPR",842
200,11,"SCAMPR",843
300,11,"SCAMPR",844
50,12,"SCAMPR",845
100,12,"SCAMPR",846
200,12,"SCAMPR",847
300,12,"SCAMPR",848
50,13,"SCAMPR",849
100,13,"SCAMPR",850
200,13,"SCAMPR",851
300,13,"SCAMPR",852
50,14,"SCAMPR",853
100,14,"SCAMPR",854
200,14,"SCAMPR",855
300,14,"SCAMPR",856
50,15,"SCAMPR",857
100,15,"SCAMPR",858
200,15,"SCAMPR",859
300,15,"SCAMPR",860
50,16,"SCAMPR",861
100,16,"SCAMPR",862
200,16,"SCAMPR",863
300,16,"SCAMPR",864
50,17,"SCAMPR",865
100,17,"SCAMPR",866
200,17,"SCAMPR",867
300,17,"SCAMPR",868
50,18,"SCAMPR",869
100,18,"SCAMPR",870
200,18,"SCAMPR",871
300,18,"SCAMPR",872
50,19,"SCAMPR",873
100,19,"SCAMPR",874
200,19,"SCAMPR",875
300,19,"SCAMPR",876
50,20,"SCAMPR",877
100,20,"SCAMPR",878
200,20,"SCAMPR",879
300,20,"SCAMPR",880
50,21,"SCAMPR",881
100,21,"SCAMPR",882
200,21,"SCAMPR",883
300,21,"SCAMPR",884
50,22,"SCAMPR",885
100,22,"SCAMPR",886
200,22,"SCAMPR",887
300,22,"SCAMPR",888
50,23,"SCAMPR",889
100,23,"SCAMPR",890
200,23,"SCAMPR",891
300,23,"SCAMPR",892
50,24,"SCAMPR",893
100,24,"SCAMPR",894
200,24,"SCAMPR",895
300,24,"SCAMPR",896
50,25,"SCAMPR",897
100,25,"SCAMPR",898
200,25,"SCAMPR",899
300,25,"SCAMPR",900
50,26,"SCAMPR",901
100,26,"SCAMPR",902
200,26,"SCAMPR",903
300,26,"SCAMPR",904
50,27,"SCAMPR",905
100,27,"SCAMPR",906
200,27,"SCAMPR",907
300,27,"SCAMPR",908
50,28,"SCAMPR",909
100,28,"SCAMPR",910
200,28,"SCAMPR",911
300,28,"SCAMPR",912
50,29,"SCAMPR",913
100,29,"SCAMPR",914
200,29,"SCAMPR",915
300,29,"SCAMPR",916
50,30,"SCAMPR",917
100,30,"SCAMPR",918
200,30,"SCAMPR",919
300,30,"SCAMPR",920
50,31,"SCAMPR",921
100,31,"SCAMPR",922
200,31,"SCAMPR",923
300,31,"SCAMPR",924
50,32,"SCAMPR",925
100,32,"SCAMPR",926
200,32,"SCAMPR",927
300,32,"SCAMPR",928
50,33,"SCAMPR",929
100,33,"SCAMPR",930
200,33,"SCAMPR",931
300,33,"SCAMPR",932
50,34,"SCAMPR",933
100,34,"SCAMPR",934
200,34,"SCAMPR",935
300,34,"SCAMPR",936
50,35,"SCAMPR",937
100,35,"SCAMPR",938
200,35,"SCAMPR",939
300,35,"SCAMPR",940
50,36,"SCAMPR",941
100,36,"SCAMPR",942
200,36,"SCAMPR",943
300,36,"SCAMPR",944
50,37,"SCAMPR",945
100,37,"SCAMPR",946
200,37,"SCAMPR",947
300,37,"SCAMPR",948
50,38,"SCAMPR",949
100,38,"SCAMPR",950
200,38,"SCAMPR",951
300,38,"SCAMPR",952
50,39,"SCAMPR",953
100,39,"SCAMPR",954
200,39,"SCAMPR",955
300,39,"SCAMPR",956
50,40,"SCAMPR",957
100,40,"SCAMPR",958
200,40,"SCAMPR",959
300,40,"SCAMPR",960
50,41,"SCAMPR",961
100,41,"SCAMPR",962
200,41,"SCAMPR",963
300,41,"SCAMPR",964
50,42,"SCAMPR",965
100,42,"SCAMPR",966
200,42,"SCAMPR",967
300,42,"SCAMPR",968
50,43,"SCAMPR",969
100,43,"SCAMPR",970
200,43,"SCAMPR",971
300,43,"SCAMPR",972
50,44,"SCAMPR",973
100,44,"SCAMPR",974
200,44,"SCAMPR",975
300,44,"SCAMPR",976
50,45,"SCAMPR",977
100,45,"SCAMPR",978
200,45,"SCAMPR",979
300,45,"SCAMPR",980
50,46,"SCAMPR",981
100,46,"SCAMPR",982
200,46,"SCAMPR",983
300,46,"SCAMPR",984
50,47,"SCAMPR",985
100,47,"SCAMPR",986
200,47,"SCAMPR",987
300,47,"SCAMPR",988
50,48,"SCAMPR",989
100,48,"SCAMPR",990
200,48,"SCAMPR",991
300,48,"SCAMPR",992
50,49,"SCAMPR",993
100,49,"SCAMPR",994
200,49,"SCAMPR",995
300,49,"SCAMPR",996
50,50,"SCAMPR",997
100,50,"SCAMPR",998
200,50,"SCAMPR",999
300,50,"SCAMPR",1000
50,51,"SCAMPR",1001
100,51,"SCAMPR",1002
200,51,"SCAMPR",1003
300,51,"SCAMPR",1004
50,52,"SCAMPR",1005
100,52,"SCAMPR",1006
200,52,"SCAMPR",1007
300,52,"SCAMPR",1008
50,53,"SCAMPR",1009
100,53,"SCAMPR",1010
200,53,"SCAMPR",1011
300,53,"SCAMPR",1012
50,54,"SCAMPR",1013
100,54,"SCAMPR",1014
200,54,"SCAMPR",1015
300,54,"SCAMPR",1016
50,55,"SCAMPR",1017
100,55,"SCAMPR",1018
200,55,"SCAMPR",1019
300,55,"SCAMPR",1020
50,56,"SCAMPR",1021
100,56,"SCAMPR",1022
200,56,"SCAMPR",1023
300,56,"SCAMPR",1024
50,57,"SCAMPR",1025
100,57,"SCAMPR",1026
200,57,"SCAMPR",1027
300,57,"SCAMPR",1028
50,58,"SCAMPR",1029
100,58,"SCAMPR",1030
200,58,"SCAMPR",1031
300,58,"SCAMPR",1032
50,59,"SCAMPR",1033
100,59,"SCAMPR",1034
200,59,"SCAMPR",1035
300,59,"SCAMPR",1036
50,60,"SCAMPR",1037
100,60,"SCAMPR",1038
200,60,"SCAMPR",1039
300,60,"SCAMPR",1040
50,61,"SCAMPR",1041
100,61,"SCAMPR",1042
200,61,"SCAMPR",1043
300,61,"SCAMPR",1044
50,62,"SCAMPR",1045
100,62,"SCAMPR",1046
200,62,"SCAMPR",1047
300,62,"SCAMPR",1048
50,63,"SCAMPR",1049
100,63,"SCAMPR",1050
200,63,"SCAMPR",1051
300,63,"SCAMPR",1052
50,64,"SCAMPR",1053
100,64,"SCAMPR",1054
200,64,"SCAMPR",1055
300,64,"SCAMPR",1056
50,65,"SCAMPR",1057
100,65,"SCAMPR",1058
200,65,"SCAMPR",1059
300,65,"SCAMPR",1060
50,66,"SCAMPR",1061
100,66,"SCAMPR",1062
200,66,"SCAMPR",1063
300,66,"SCAMPR",1064
50,67,"SCAMPR",1065
100,67,"SCAMPR",1066
200,67,"SCAMPR",1067
300,67,"SCAMPR",1068
50,68,"SCAMPR",1069
100,68,"SCAMPR",1070
200,68,"SCAMPR",1071
300,68,"SCAMPR",1072
50,69,"SCAMPR",1073
100,69,"SCAMPR",1074
200,69,"SCAMPR",1075
300,69,"SCAMPR",1076
50,70,"SCAMPR",1077
100,70,"SCAMPR",1078
200,70,"SCAMPR",1079
300,70,"SCAMPR",1080
50,71,"SCAMPR",1081
100,71,"SCAMPR",1082
200,71,"SCAMPR",1083
300,71,"SCAMPR",1084
50,72,"SCAMPR",1085
100,72,"SCAMPR",1086
200,72,"SCAMPR",1087
300,72,"SCAMPR",1088
50,73,"SCAMPR",1089
100,73,"SCAMPR",1090
200,73,"SCAMPR",1091
300,73,"SCAMPR",1092
50,74,"SCAMPR",1093
100,74,"SCAMPR",1094
200,74,"SCAMPR",1095
300,74,"SCAMPR",1096
50,75,"SCAMPR",1097
100,75,"SCAMPR",1098
200,75,"SCAMPR",1099
300,75,"SCAMPR",1100
50,76,"SCAMPR",1101
100,76,"SCAMPR",1102
200,76,"SCAMPR",1103
300,76,"SCAMPR",1104
50,77,"SCAMPR",1105
100,77,"SCAMPR",1106
200,77,"SCAMPR",1107
300,77,"SCAMPR",1108
50,78,"SCAMPR",1109
100,78,"SCAMPR",1110
200,78,"SCAMPR",1111
300,78,"SCAMPR",1112
50,79,"SCAMPR",1113
100,79,"SCAMPR",1114
200,79,"SCAMPR",1115
300,79,"SCAMPR",1116
50,80,"SCAMPR",1117
100,80,"SCAMPR",1118
200,80,"SCAMPR",1119
300,80,"SCAMPR",1120
50,81,"SCAMPR",1121
100,81,"SCAMPR",1122
200,81,"SCAMPR",1123
300,81,"SCAMPR",1124
50,82,"SCAMPR",1125
100,82,"SCAMPR",1126
200,82,"SCAMPR",1127
300,82,"SCAMPR",1128
50,83,"SCAMPR",1129
100,83,"SCAMPR",1130
200,83,"SCAMPR",1131
300,83,"SCAMPR",1132
50,84,"SCAMPR",1133
100,84,"SCAMPR",1134
200,84,"SCAMPR",1135
300,84,"SCAMPR",1136
50,85,"SCAMPR",1137
100,85,"SCAMPR",1138
200,85,"SCAMPR",1139
300,85,"SCAMPR",1140
50,86,"SCAMPR",1141
100,86,"SCAMPR",1142
200,86,"SCAMPR",1143
300,86,"SCAMPR",1144
50,87,"SCAMPR",1145
100,87,"SCAMPR",1146
200,87,"SCAMPR",1147
300,87,"SCAMPR",1148
50,88,"SCAMPR",1149
100,88,"SCAMPR",1150
200,88,"SCAMPR",1151
300,88,"SCAMPR",1152
50,89,"SCAMPR",1153
100,89,"SCAMPR",1154
200,89,"SCAMPR",1155
300,89,"SCAMPR",1156
50,90,"SCAMPR",1157
100,90,"SCAMPR",1158
200,90,"SCAMPR",1159
300,90,"SCAMPR",1160
50,91,"SCAMPR",1161
100,91,"SCAMPR",1162
200,91,"SCAMPR",1163
300,91,"SCAMPR",1164
50,92,"SCAMPR",1165
100,92,"SCAMPR",1166
200,92,"SCAMPR",1167
300,92,"SCAMPR",1168
50,93,"SCAMPR",1169
100,93,"SCAMPR",1170
200,93,"SCAMPR",1171
300,93,"SCAMPR",1172
50,94,"SCAMPR",1173
100,94,"SCAMPR",1174
200,94,"SCAMPR",1175
300,94,"SCAMPR",1176
50,95,"SCAMPR",1177
100,95,"SCAMPR",1178
200,95,"SCAMPR",1179
300,95,"SCAMPR",1180
50,96,"SCAMPR",1181
100,96,"SCAMPR",1182
200,96,"SCAMPR",1183
300,96,"SCAMPR",1184
50,97,"SCAMPR",1185
100,97,"SCAMPR",1186
200,97,"SCAMPR",1187
300,97,"SCAMPR",1188
50,98,"SCAMPR",1189
100,98,"SCAMPR",1190
200,98,"SCAMPR",1191
300,98,"SCAMPR",1192
50,99,"SCAMPR",1193
100,99,"SCAMPR",1194
200,99,"SCAMPR",1195
300,99,"SCAMPR",1196
50,100,"SCAMPR",1197
100,100,"SCAMPR",1198
200,100,"SCAMPR",1199
300,100,"SCAMPR",1200
50,1,"SCAMPR FIXED",1201
100,1,"SCAMPR FIXED",1202
200,1,"SCAMPR FIXED",1203
300,1,"SCAMPR FIXED",1204
50,2,"SCAMPR FIXED",1205
100,2,"SCAMPR FIXED",1206
200,2,"SCAMPR FIXED",1207
300,2,"SCAMPR FIXED",1208
50,3,"SCAMPR FIXED",1209
100,3,"SCAMPR FIXED",1210
200,3,"SCAMPR FIXED",1211
300,3,"SCAMPR FIXED",1212
50,4,"SCAMPR FIXED",1213
100,4,"SCAMPR FIXED",1214
200,4,"SCAMPR FIXED",1215
300,4,"SCAMPR FIXED",1216
50,5,"SCAMPR FIXED",1217
100,5,"SCAMPR FIXED",1218
200,5,"SCAMPR FIXED",1219
300,5,"SCAMPR FIXED",1220
50,6,"SCAMPR FIXED",1221
100,6,"SCAMPR FIXED",1222
200,6,"SCAMPR FIXED",1223
300,6,"SCAMPR FIXED",1224
50,7,"SCAMPR FIXED",1225
100,7,"SCAMPR FIXED",1226
200,7,"SCAMPR FIXED",1227
300,7,"SCAMPR FIXED",1228
50,8,"SCAMPR FIXED",1229
100,8,"SCAMPR FIXED",1230
200,8,"SCAMPR FIXED",1231
300,8,"SCAMPR FIXED",1232
50,9,"SCAMPR FIXED",1233
100,9,"SCAMPR FIXED",1234
200,9,"SCAMPR FIXED",1235
300,9,"SCAMPR FIXED",1236
50,10,"SCAMPR FIXED",1237
100,10,"SCAMPR FIXED",1238
200,10,"SCAMPR FIXED",1239
300,10,"SCAMPR FIXED",1240
50,11,"SCAMPR FIXED",1241
100,11,"SCAMPR FIXED",1242
200,11,"SCAMPR FIXED",1243
300,11,"SCAMPR FIXED",1244
50,12,"SCAMPR FIXED",1245
100,12,"SCAMPR FIXED",1246
200,12,"SCAMPR FIXED",1247
300,12,"SCAMPR FIXED",1248
50,13,"SCAMPR FIXED",1249
100,13,"SCAMPR FIXED",1250
200,13,"SCAMPR FIXED",1251
300,13,"SCAMPR FIXED",1252
50,14,"SCAMPR FIXED",1253
100,14,"SCAMPR FIXED",1254
200,14,"SCAMPR FIXED",1255
300,14,"SCAMPR FIXED",1256
50,15,"SCAMPR FIXED",1257
100,15,"SCAMPR FIXED",1258
200,15,"SCAMPR FIXED",1259
300,15,"SCAMPR FIXED",1260
50,16,"SCAMPR FIXED",1261
100,16,"SCAMPR FIXED",1262
200,16,"SCAMPR FIXED",1263
300,16,"SCAMPR FIXED",1264
50,17,"SCAMPR FIXED",1265
100,17,"SCAMPR FIXED",1266
200,17,"SCAMPR FIXED",1267
300,17,"SCAMPR FIXED",1268
50,18,"SCAMPR FIXED",1269
100,18,"SCAMPR FIXED",1270
200,18,"SCAMPR FIXED",1271
300,18,"SCAMPR FIXED",1272
50,19,"SCAMPR FIXED",1273
100,19,"SCAMPR FIXED",1274
200,19,"SCAMPR FIXED",1275
300,19,"SCAMPR FIXED",1276
50,20,"SCAMPR FIXED",1277
100,20,"SCAMPR FIXED",1278
200,20,"SCAMPR FIXED",1279
300,20,"SCAMPR FIXED",1280
50,21,"SCAMPR FIXED",1281
100,21,"SCAMPR FIXED",1282
200,21,"SCAMPR FIXED",1283
300,21,"SCAMPR FIXED",1284
50,22,"SCAMPR FIXED",1285
100,22,"SCAMPR FIXED",1286
200,22,"SCAMPR FIXED",1287
300,22,"SCAMPR FIXED",1288
50,23,"SCAMPR FIXED",1289
100,23,"SCAMPR FIXED",1290
200,23,"SCAMPR FIXED",1291
300,23,"SCAMPR FIXED",1292
50,24,"SCAMPR FIXED",1293
100,24,"SCAMPR FIXED",1294
200,24,"SCAMPR FIXED",1295
300,24,"SCAMPR FIXED",1296
50,25,"SCAMPR FIXED",1297
100,25,"SCAMPR FIXED",1298
200,25,"SCAMPR FIXED",1299
300,25,"SCAMPR FIXED",1300
50,26,"SCAMPR FIXED",1301
100,26,"SCAMPR FIXED",1302
200,26,"SCAMPR FIXED",1303
300,26,"SCAMPR FIXED",1304
50,27,"SCAMPR FIXED",1305
100,27,"SCAMPR FIXED",1306
200,27,"SCAMPR FIXED",1307
300,27,"SCAMPR FIXED",1308
50,28,"SCAMPR FIXED",1309
100,28,"SCAMPR FIXED",1310
200,28,"SCAMPR FIXED",1311
300,28,"SCAMPR FIXED",1312
50,29,"SCAMPR FIXED",1313
100,29,"SCAMPR FIXED",1314
200,29,"SCAMPR FIXED",1315
300,29,"SCAMPR FIXED",1316
50,30,"SCAMPR FIXED",1317
100,30,"SCAMPR FIXED",1318
200,30,"SCAMPR FIXED",1319
300,30,"SCAMPR FIXED",1320
50,31,"SCAMPR FIXED",1321
100,31,"SCAMPR FIXED",1322
200,31,"SCAMPR FIXED",1323
300,31,"SCAMPR FIXED",1324
50,32,"SCAMPR FIXED",1325
100,32,"SCAMPR FIXED",1326
200,32,"SCAMPR FIXED",1327
300,32,"SCAMPR FIXED",1328
50,33,"SCAMPR FIXED",1329
100,33,"SCAMPR FIXED",1330
200,33,"SCAMPR FIXED",1331
300,33,"SCAMPR FIXED",1332
50,34,"SCAMPR FIXED",1333
100,34,"SCAMPR FIXED",1334
200,34,"SCAMPR FIXED",1335
300,34,"SCAMPR FIXED",1336
50,35,"SCAMPR FIXED",1337
100,35,"SCAMPR FIXED",1338
200,35,"SCAMPR FIXED",1339
300,35,"SCAMPR FIXED",1340
50,36,"SCAMPR FIXED",1341
100,36,"SCAMPR FIXED",1342
200,36,"SCAMPR FIXED",1343
300,36,"SCAMPR FIXED",1344
50,37,"SCAMPR FIXED",1345
100,37,"SCAMPR FIXED",1346
200,37,"SCAMPR FIXED",1347
300,37,"SCAMPR FIXED",1348
50,38,"SCAMPR FIXED",1349
100,38,"SCAMPR FIXED",1350
200,38,"SCAMPR FIXED",1351
300,38,"SCAMPR FIXED",1352
50,39,"SCAMPR FIXED",1353
100,39,"SCAMPR FIXED",1354
200,39,"SCAMPR FIXED",1355
300,39,"SCAMPR FIXED",1356
50,40,"SCAMPR FIXED",1357
100,40,"SCAMPR FIXED",1358
200,40,"SCAMPR FIXED",1359
300,40,"SCAMPR FIXED",1360
50,41,"SCAMPR FIXED",1361
100,41,"SCAMPR FIXED",1362
200,41,"SCAMPR FIXED",1363
300,41,"SCAMPR FIXED",1364
50,42,"SCAMPR FIXED",1365
100,42,"SCAMPR FIXED",1366
200,42,"SCAMPR FIXED",1367
300,42,"SCAMPR FIXED",1368
50,43,"SCAMPR FIXED",1369
100,43,"SCAMPR FIXED",1370
200,43,"SCAMPR FIXED",1371
300,43,"SCAMPR FIXED",1372
50,44,"SCAMPR FIXED",1373
100,44,"SCAMPR FIXED",1374
200,44,"SCAMPR FIXED",1375
300,44,"SCAMPR FIXED",1376
50,45,"SCAMPR FIXED",1377
100,45,"SCAMPR FIXED",1378
200,45,"SCAMPR FIXED",1379
300,45,"SCAMPR FIXED",1380
50,46,"SCAMPR FIXED",1381
100,46,"SCAMPR FIXED",1382
200,46,"SCAMPR FIXED",1383
300,46,"SCAMPR FIXED",1384
50,47,"SCAMPR FIXED",1385
100,47,"SCAMPR FIXED",1386
200,47,"SCAMPR FIXED",1387
300,47,"SCAMPR FIXED",1388
50,48,"SCAMPR FIXED",1389
100,48,"SCAMPR FIXED",1390
200,48,"SCAMPR FIXED",1391
300,48,"SCAMPR FIXED",1392
50,49,"SCAMPR FIXED",1393
100,49,"SCAMPR FIXED",1394
200,49,"SCAMPR FIXED",1395
300,49,"SCAMPR FIXED",1396
50,50,"SCAMPR FIXED",1397
100,50,"SCAMPR FIXED",1398
200,50,"SCAMPR FIXED",1399
300,50,"SCAMPR FIXED",1400
50,51,"SCAMPR FIXED",1401
100,51,"SCAMPR FIXED",1402
200,51,"SCAMPR FIXED",1403
300,51,"SCAMPR FIXED",1404
50,52,"SCAMPR FIXED",1405
100,52,"SCAMPR FIXED",1406
200,52,"SCAMPR FIXED",1407
300,52,"SCAMPR FIXED",1408
50,53,"SCAMPR FIXED",1409
100,53,"SCAMPR FIXED",1410
200,53,"SCAMPR FIXED",1411
300,53,"SCAMPR FIXED",1412
50,54,"SCAMPR FIXED",1413
100,54,"SCAMPR FIXED",1414
200,54,"SCAMPR FIXED",1415
300,54,"SCAMPR FIXED",1416
50,55,"SCAMPR FIXED",1417
100,55,"SCAMPR FIXED",1418
200,55,"SCAMPR FIXED",1419
300,55,"SCAMPR FIXED",1420
50,56,"SCAMPR FIXED",1421
100,56,"SCAMPR FIXED",1422
200,56,"SCAMPR FIXED",1423
300,56,"SCAMPR FIXED",1424
50,57,"SCAMPR FIXED",1425
100,57,"SCAMPR FIXED",1426
200,57,"SCAMPR FIXED",1427
300,57,"SCAMPR FIXED",1428
50,58,"SCAMPR FIXED",1429
100,58,"SCAMPR FIXED",1430
200,58,"SCAMPR FIXED",1431
300,58,"SCAMPR FIXED",1432
50,59,"SCAMPR FIXED",1433
100,59,"SCAMPR FIXED",1434
200,59,"SCAMPR FIXED",1435
300,59,"SCAMPR FIXED",1436
50,60,"SCAMPR FIXED",1437
100,60,"SCAMPR FIXED",1438
200,60,"SCAMPR FIXED",1439
300,60,"SCAMPR FIXED",1440
50,61,"SCAMPR FIXED",1441
100,61,"SCAMPR FIXED",1442
200,61,"SCAMPR FIXED",1443
300,61,"SCAMPR FIXED",1444
50,62,"SCAMPR FIXED",1445
100,62,"SCAMPR FIXED",1446
200,62,"SCAMPR FIXED",1447
300,62,"SCAMPR FIXED",1448
50,63,"SCAMPR FIXED",1449
100,63,"SCAMPR FIXED",1450
200,63,"SCAMPR FIXED",1451
300,63,"SCAMPR FIXED",1452
50,64,"SCAMPR FIXED",1453
100,64,"SCAMPR FIXED",1454
200,64,"SCAMPR FIXED",1455
300,64,"SCAMPR FIXED",1456
50,65,"SCAMPR FIXED",1457
100,65,"SCAMPR FIXED",1458
200,65,"SCAMPR FIXED",1459
300,65,"SCAMPR FIXED",1460
50,66,"SCAMPR FIXED",1461
100,66,"SCAMPR FIXED",1462
200,66,"SCAMPR FIXED",1463
300,66,"SCAMPR FIXED",1464
50,67,"SCAMPR FIXED",1465
100,67,"SCAMPR FIXED",1466
200,67,"SCAMPR FIXED",1467
300,67,"SCAMPR FIXED",1468
50,68,"SCAMPR FIXED",1469
100,68,"SCAMPR FIXED",1470
200,68,"SCAMPR FIXED",1471
300,68,"SCAMPR FIXED",1472
50,69,"SCAMPR FIXED",1473
100,69,"SCAMPR FIXED",1474
200,69,"SCAMPR FIXED",1475
300,69,"SCAMPR FIXED",1476
50,70,"SCAMPR FIXED",1477
100,70,"SCAMPR FIXED",1478
200,70,"SCAMPR FIXED",1479
300,70,"SCAMPR FIXED",1480
50,71,"SCAMPR FIXED",1481
100,71,"SCAMPR FIXED",1482
200,71,"SCAMPR FIXED",1483
300,71,"SCAMPR FIXED",1484
50,72,"SCAMPR FIXED",1485
100,72,"SCAMPR FIXED",1486
200,72,"SCAMPR FIXED",1487
300,72,"SCAMPR FIXED",1488
50,73,"SCAMPR FIXED",1489
100,73,"SCAMPR FIXED",1490
200,73,"SCAMPR FIXED",1491
300,73,"SCAMPR FIXED",1492
50,74,"SCAMPR FIXED",1493
100,74,"SCAMPR FIXED",1494
200,74,"SCAMPR FIXED",1495
300,74,"SCAMPR FIXED",1496
50,75,"SCAMPR FIXED",1497
100,75,"SCAMPR FIXED",1498
200,75,"SCAMPR FIXED",1499
300,75,"SCAMPR FIXED",1500
50,76,"SCAMPR FIXED",1501
100,76,"SCAMPR FIXED",1502
200,76,"SCAMPR FIXED",1503
300,76,"SCAMPR FIXED",1504
50,77,"SCAMPR FIXED",1505
100,77,"SCAMPR FIXED",1506
200,77,"SCAMPR FIXED",1507
300,77,"SCAMPR FIXED",1508
50,78,"SCAMPR FIXED",1509
100,78,"SCAMPR FIXED",1510
200,78,"SCAMPR FIXED",1511
300,78,"SCAMPR FIXED",1512
50,79,"SCAMPR FIXED",1513
100,79,"SCAMPR FIXED",1514
200,79,"SCAMPR FIXED",1515
300,79,"SCAMPR FIXED",1516
50,80,"SCAMPR FIXED",1517
100,80,"SCAMPR FIXED",1518
200,80,"SCAMPR FIXED",1519
300,80,"SCAMPR FIXED",1520
50,81,"SCAMPR FIXED",1521
100,81,"SCAMPR FIXED",1522
200,81,"SCAMPR FIXED",1523
300,81,"SCAMPR FIXED",1524
50,82,"SCAMPR FIXED",1525
100,82,"SCAMPR FIXED",1526
200,82,"SCAMPR FIXED",1527
300,82,"SCAMPR FIXED",1528
50,83,"SCAMPR FIXED",1529
100,83,"SCAMPR FIXED",1530
200,83,"SCAMPR FIXED",1531
300,83,"SCAMPR FIXED",1532
50,84,"SCAMPR FIXED",1533
100,84,"SCAMPR FIXED",1534
200,84,"SCAMPR FIXED",1535
300,84,"SCAMPR FIXED",1536
50,85,"SCAMPR FIXED",1537
100,85,"SCAMPR FIXED",1538
200,85,"SCAMPR FIXED",1539
300,85,"SCAMPR FIXED",1540
50,86,"SCAMPR FIXED",1541
100,86,"SCAMPR FIXED",1542
200,86,"SCAMPR FIXED",1543
300,86,"SCAMPR FIXED",1544
50,87,"SCAMPR FIXED",1545
100,87,"SCAMPR FIXED",1546
200,87,"SCAMPR FIXED",1547
300,87,"SCAMPR FIXED",1548
50,88,"SCAMPR FIXED",1549
100,88,"SCAMPR FIXED",1550
200,88,"SCAMPR FIXED",1551
300,88,"SCAMPR FIXED",1552
50,89,"SCAMPR FIXED",1553
100,89,"SCAMPR FIXED",1554
200,89,"SCAMPR FIXED",1555
300,89,"SCAMPR FIXED",1556
50,90,"SCAMPR FIXED",1557
100,90,"SCAMPR FIXED",1558
200,90,"SCAMPR FIXED",1559
300,90,"SCAMPR FIXED",1560
50,91,"SCAMPR FIXED",1561
100,91,"SCAMPR FIXED",1562
200,91,"SCAMPR FIXED",1563
300,91,"SCAMPR FIXED",1564
50,92,"SCAMPR FIXED",1565
100,92,"SCAMPR FIXED",1566
200,92,"SCAMPR FIXED",1567
300,92,"SCAMPR FIXED",1568
50,93,"SCAMPR FIXED",1569
100,93,"SCAMPR FIXED",1570
200,93,"SCAMPR FIXED",1571
300,93,"SCAMPR FIXED",1572
50,94,"SCAMPR FIXED",1573
100,94,"SCAMPR FIXED",1574
200,94,"SCAMPR FIXED",1575
300,94,"SCAMPR FIXED",1576
50,95,"SCAMPR FIXED",1577
100,95,"SCAMPR FIXED",1578
200,95,"SCAMPR FIXED",1579
300,95,"SCAMPR FIXED",1580
50,96,"SCAMPR FIXED",1581
100,96,"SCAMPR FIXED",1582
200,96,"SCAMPR FIXED",1583
300,96,"SCAMPR FIXED",1584
50,97,"SCAMPR FIXED",1585
100,97,"SCAMPR FIXED",1586
200,97,"SCAMPR FIXED",1587
300,97,"SCAMPR FIXED",1588
50,98,"SCAMPR FIXED",1589
100,98,"SCAMPR FIXED",1590
200,98,"SCAMPR FIXED",1591
300,98,"SCAMPR FIXED",1592
50,99,"SCAMPR FIXED",1593
100,99,"SCAMPR FIXED",1594
200,99,"SCAMPR FIXED",1595
300,99,"SCAMPR FIXED",1596
50,100,"SCAMPR FIXED",1597
100,100,"SCAMPR FIXED",1598
200,100,"SCAMPR FIXED",1599
300,100,"SCAMPR FIXED",1600
50,1,"INLA",1601
100,1,"INLA",1602
200,1,"INLA",1603
300,1,"INLA",1604
50,2,"INLA",1605
100,2,"INLA",1606
200,2,"INLA",1607
300,2,"INLA",1608
50,3,"INLA",1609
100,3,"INLA",1610
200,3,"INLA",1611
300,3,"INLA",1612
50,4,"INLA",1613
100,4,"INLA",1614
200,4,"INLA",1615
300,4,"INLA",1616
50,5,"INLA",1617
100,5,"INLA",1618
200,5,"INLA",1619
300,5,"INLA",1620
50,6,"INLA",1621
100,6,"INLA",1622
200,6,"INLA",1623
300,6,"INLA",1624
50,7,"INLA",1625
100,7,"INLA",1626
200,7,"INLA",1627
300,7,"INLA",1628
50,8,"INLA",1629
100,8,"INLA",1630
200,8,"INLA",1631
300,8,"INLA",1632
50,9,"INLA",1633
100,9,"INLA",1634
200,9,"INLA",1635
300,9,"INLA",1636
50,10,"INLA",1637
100,10,"INLA",1638
200,10,"INLA",1639
300,10,"INLA",1640
50,11,"INLA",1641
100,11,"INLA",1642
200,11,"INLA",1643
300,11,"INLA",1644
50,12,"INLA",1645
100,12,"INLA",1646
200,12,"INLA",1647
300,12,"INLA",1648
50,13,"INLA",1649
100,13,"INLA",1650
200,13,"INLA",1651
300,13,"INLA",1652
50,14,"INLA",1653
100,14,"INLA",1654
200,14,"INLA",1655
300,14,"INLA",1656
50,15,"INLA",1657
100,15,"INLA",1658
200,15,"INLA",1659
300,15,"INLA",1660
50,16,"INLA",1661
100,16,"INLA",1662
200,16,"INLA",1663
300,16,"INLA",1664
50,17,"INLA",1665
100,17,"INLA",1666
200,17,"INLA",1667
300,17,"INLA",1668
50,18,"INLA",1669
100,18,"INLA",1670
200,18,"INLA",1671
300,18,"INLA",1672
50,19,"INLA",1673
100,19,"INLA",1674
200,19,"INLA",1675
300,19,"INLA",1676
50,20,"INLA",1677
100,20,"INLA",1678
200,20,"INLA",1679
300,20,"INLA",1680
50,21,"INLA",1681
100,21,"INLA",1682
200,21,"INLA",1683
300,21,"INLA",1684
50,22,"INLA",1685
100,22,"INLA",1686
200,22,"INLA",1687
300,22,"INLA",1688
50,23,"INLA",1689
100,23,"INLA",1690
200,23,"INLA",1691
300,23,"INLA",1692
50,24,"INLA",1693
100,24,"INLA",1694
200,24,"INLA",1695
300,24,"INLA",1696
50,25,"INLA",1697
100,25,"INLA",1698
200,25,"INLA",1699
300,25,"INLA",1700
50,26,"INLA",1701
100,26,"INLA",1702
200,26,"INLA",1703
300,26,"INLA",1704
50,27,"INLA",1705
100,27,"INLA",1706
200,27,"INLA",1707
300,27,"INLA",1708
50,28,"INLA",1709
100,28,"INLA",1710
200,28,"INLA",1711
300,28,"INLA",1712
50,29,"INLA",1713
100,29,"INLA",1714
200,29,"INLA",1715
300,29,"INLA",1716
50,30,"INLA",1717
100,30,"INLA",1718
200,30,"INLA",1719
300,30,"INLA",1720
50,31,"INLA",1721
100,31,"INLA",1722
200,31,"INLA",1723
300,31,"INLA",1724
50,32,"INLA",1725
100,32,"INLA",1726
200,32,"INLA",1727
300,32,"INLA",1728
50,33,"INLA",1729
100,33,"INLA",1730
200,33,"INLA",1731
300,33,"INLA",1732
50,34,"INLA",1733
100,34,"INLA",1734
200,34,"INLA",1735
300,34,"INLA",1736
50,35,"INLA",1737
100,35,"INLA",1738
200,35,"INLA",1739
300,35,"INLA",1740
50,36,"INLA",1741
100,36,"INLA",1742
200,36,"INLA",1743
300,36,"INLA",1744
50,37,"INLA",1745
100,37,"INLA",1746
200,37,"INLA",1747
300,37,"INLA",1748
50,38,"INLA",1749
100,38,"INLA",1750
200,38,"INLA",1751
300,38,"INLA",1752
50,39,"INLA",1753
100,39,"INLA",1754
200,39,"INLA",1755
300,39,"INLA",1756
50,40,"INLA",1757
100,40,"INLA",1758
200,40,"INLA",1759
300,40,"INLA",1760
50,41,"INLA",1761
100,41,"INLA",1762
200,41,"INLA",1763
300,41,"INLA",1764
50,42,"INLA",1765
100,42,"INLA",1766
200,42,"INLA",1767
300,42,"INLA",1768
50,43,"INLA",1769
100,43,"INLA",1770
200,43,"INLA",1771
300,43,"INLA",1772
50,44,"INLA",1773
100,44,"INLA",1774
200,44,"INLA",1775
300,44,"INLA",1776
50,45,"INLA",1777
100,45,"INLA",1778
200,45,"INLA",1779
300,45,"INLA",1780
50,46,"INLA",1781
100,46,"INLA",1782
200,46,"INLA",1783
300,46,"INLA",1784
50,47,"INLA",1785
100,47,"INLA",1786
200,47,"INLA",1787
300,47,"INLA",1788
50,48,"INLA",1789
100,48,"INLA",1790
200,48,"INLA",1791
300,48,"INLA",1792
50,49,"INLA",1793
100,49,"INLA",1794
200,49,"INLA",1795
300,49,"INLA",1796
50,50,"INLA",1797
100,50,"INLA",1798
200,50,"INLA",1799
300,50,"INLA",1800
50,51,"INLA",1801
100,51,"INLA",1802
200,51,"INLA",1803
300,51,"INLA",1804
50,52,"INLA",1805
100,52,"INLA",1806
200,52,"INLA",1807
300,52,"INLA",1808
50,53,"INLA",1809
100,53,"INLA",1810
200,53,"INLA",1811
300,53,"INLA",1812
50,54,"INLA",1813
100,54,"INLA",1814
200,54,"INLA",1815
300,54,"INLA",1816
50,55,"INLA",1817
100,55,"INLA",1818
200,55,"INLA",1819
300,55,"INLA",1820
50,56,"INLA",1821
100,56,"INLA",1822
200,56,"INLA",1823
300,56,"INLA",1824
50,57,"INLA",1825
100,57,"INLA",1826
200,57,"INLA",1827
300,57,"INLA",1828
50,58,"INLA",1829
100,58,"INLA",1830
200,58,"INLA",1831
300,58,"INLA",1832
50,59,"INLA",1833
100,59,"INLA",1834
200,59,"INLA",1835
300,59,"INLA",1836
50,60,"INLA",1837
100,60,"INLA",1838
200,60,"INLA",1839
300,60,"INLA",1840
50,61,"INLA",1841
100,61,"INLA",1842
200,61,"INLA",1843
300,61,"INLA",1844
50,62,"INLA",1845
100,62,"INLA",1846
200,62,"INLA",1847
300,62,"INLA",1848
50,63,"INLA",1849
100,63,"INLA",1850
200,63,"INLA",1851
300,63,"INLA",1852
50,64,"INLA",1853
100,64,"INLA",1854
200,64,"INLA",1855
300,64,"INLA",1856
50,65,"INLA",1857
100,65,"INLA",1858
200,65,"INLA",1859
300,65,"INLA",1860
50,66,"INLA",1861
100,66,"INLA",1862
200,66,"INLA",1863
300,66,"INLA",1864
50,67,"INLA",1865
100,67,"INLA",1866
200,67,"INLA",1867
300,67,"INLA",1868
50,68,"INLA",1869
100,68,"INLA",1870
200,68,"INLA",1871
300,68,"INLA",1872
50,69,"INLA",1873
100,69,"INLA",1874
200,69,"INLA",1875
300,69,"INLA",1876
50,70,"INLA",1877
100,70,"INLA",1878
200,70,"INLA",1879
300,70,"INLA",1880
50,71,"INLA",1881
100,71,"INLA",1882
200,71,"INLA",1883
300,71,"INLA",1884
50,72,"INLA",1885
100,72,"INLA",1886
200,72,"INLA",1887
300,72,"INLA",1888
50,73,"INLA",1889
100,73,"INLA",1890
200,73,"INLA",1891
300,73,"INLA",1892
50,74,"INLA",1893
100,74,"INLA",1894
200,74,"INLA",1895
300,74,"INLA",1896
50,75,"INLA",1897
100,75,"INLA",1898
200,75,"INLA",1899
300,75,"INLA",1900
50,76,"INLA",1901
100,76,"INLA",1902
200,76,"INLA",1903
300,76,"INLA",1904
50,77,"INLA",1905
100,77,"INLA",1906
200,77,"INLA",1907
300,77,"INLA",1908
50,78,"INLA",1909
100,78,"INLA",1910
200,78,"INLA",1911
300,78,"INLA",1912
50,79,"INLA",1913
100,79,"INLA",1914
200,79,"INLA",1915
300,79,"INLA",1916
50,80,"INLA",1917
100,80,"INLA",1918
200,80,"INLA",1919
300,80,"INLA",1920
50,81,"INLA",1921
100,81,"INLA",1922
200,81,"INLA",1923
300,81,"INLA",1924
50,82,"INLA",1925
100,82,"INLA",1926
200,82,"INLA",1927
300,82,"INLA",1928
50,83,"INLA",1929
100,83,"INLA",1930
200,83,"INLA",1931
300,83,"INLA",1932
50,84,"INLA",1933
100,84,"INLA",1934
200,84,"INLA",1935
300,84,"INLA",1936
50,85,"INLA",1937
100,85,"INLA",1938
200,85,"INLA",1939
300,85,"INLA",1940
50,86,"INLA",1941
100,86,"INLA",1942
200,86,"INLA",1943
300,86,"INLA",1944
50,87,"INLA",1945
100,87,"INLA",1946
200,87,"INLA",1947
300,87,"INLA",1948
50,88,"INLA",1949
100,88,"INLA",1950
200,88,"INLA",1951
300,88,"INLA",1952
50,89,"INLA",1953
100,89,"INLA",1954
200,89,"INLA",1955
300,89,"INLA",1956
50,90,"INLA",1957
100,90,"INLA",1958
200,90,"INLA",1959
300,90,"INLA",1960
50,91,"INLA",1961
100,91,"INLA",1962
200,91,"INLA",1963
300,91,"INLA",1964
50,92,"INLA",1965
100,92,"INLA",1966
200,92,"INLA",1967
300,92,"INLA",1968
50,93,"INLA",1969
100,93,"INLA",1970
200,93,"INLA",1971
300,93,"INLA",1972
50,94,"INLA",1973
100,94,"INLA",1974
200,94,"INLA",1975
300,94,"INLA",1976
50,95,"INLA",1977
100,95,"INLA",1978
200,95,"INLA",1979
300,95,"INLA",1980
50,96,"INLA",1981
100,96,"INLA",1982
200,96,"INLA",1983
300,96,"INLA",1984
50,97,"INLA",1985
100,97,"INLA",1986
200,97,"INLA",1987
300,97,"INLA",1988
50,98,"INLA",1989
100,98,"INLA",1990
200,98,"INLA",1991
300,98,"INLA",1992
50,99,"INLA",1993
100,99,"INLA",1994
200,99,"INLA",1995
300,99,"INLA",1996
50,100,"INLA",1997
100,100,"INLA",1998
200,100,"INLA",1999
300,100,"INLA",2000
