"sim","fit_model","job"
1,"MGCV",1
2,"MGCV",2
3,"MGCV",3
4,"MGCV",4
5,"MGCV",5
6,"MGCV",6
7,"MGCV",7
8,"MGCV",8
9,"MGCV",9
10,"MGCV",10
11,"MGCV",11
12,"MGCV",12
13,"MGCV",13
14,"MGCV",14
15,"MGCV",15
16,"MGCV",16
17,"MGCV",17
18,"MGCV",18
19,"MGCV",19
20,"MGCV",20
21,"MGCV",21
22,"MGCV",22
23,"MGCV",23
24,"MGCV",24
25,"MGCV",25
26,"MGCV",26
27,"MGCV",27
28,"MGCV",28
29,"MGCV",29
30,"MGCV",30
31,"MGCV",31
32,"MGCV",32
33,"MGCV",33
34,"MGCV",34
35,"MGCV",35
36,"MGCV",36
37,"MGCV",37
38,"MGCV",38
39,"MGCV",39
40,"MGCV",40
41,"MGCV",41
42,"MGCV",42
43,"MGCV",43
44,"MGCV",44
45,"MGCV",45
46,"MGCV",46
47,"MGCV",47
48,"MGCV",48
49,"MGCV",49
50,"MGCV",50
51,"MGCV",51
52,"MGCV",52
53,"MGCV",53
54,"MGCV",54
55,"MGCV",55
56,"MGCV",56
57,"MGCV",57
58,"MGCV",58
59,"MGCV",59
60,"MGCV",60
61,"MGCV",61
62,"MGCV",62
63,"MGCV",63
64,"MGCV",64
65,"MGCV",65
66,"MGCV",66
67,"MGCV",67
68,"MGCV",68
69,"MGCV",69
70,"MGCV",70
71,"MGCV",71
72,"MGCV",72
73,"MGCV",73
74,"MGCV",74
75,"MGCV",75
76,"MGCV",76
77,"MGCV",77
78,"MGCV",78
79,"MGCV",79
80,"MGCV",80
81,"MGCV",81
82,"MGCV",82
83,"MGCV",83
84,"MGCV",84
85,"MGCV",85
86,"MGCV",86
87,"MGCV",87
88,"MGCV",88
89,"MGCV",89
90,"MGCV",90
91,"MGCV",91
92,"MGCV",92
93,"MGCV",93
94,"MGCV",94
95,"MGCV",95
96,"MGCV",96
97,"MGCV",97
98,"MGCV",98
99,"MGCV",99
100,"MGCV",100
1,"MGCV FIXED",101
2,"MGCV FIXED",102
3,"MGCV FIXED",103
4,"MGCV FIXED",104
5,"MGCV FIXED",105
6,"MGCV FIXED",106
7,"MGCV FIXED",107
8,"MGCV FIXED",108
9,"MGCV FIXED",109
10,"MGCV FIXED",110
11,"MGCV FIXED",111
12,"MGCV FIXED",112
13,"MGCV FIXED",113
14,"MGCV FIXED",114
15,"MGCV FIXED",115
16,"MGCV FIXED",116
17,"MGCV FIXED",117
18,"MGCV FIXED",118
19,"MGCV FIXED",119
20,"MGCV FIXED",120
21,"MGCV FIXED",121
22,"MGCV FIXED",122
23,"MGCV FIXED",123
24,"MGCV FIXED",124
25,"MGCV FIXED",125
26,"MGCV FIXED",126
27,"MGCV FIXED",127
28,"MGCV FIXED",128
29,"MGCV FIXED",129
30,"MGCV FIXED",130
31,"MGCV FIXED",131
32,"MGCV FIXED",132
33,"MGCV FIXED",133
34,"MGCV FIXED",134
35,"MGCV FIXED",135
36,"MGCV FIXED",136
37,"MGCV FIXED",137
38,"MGCV FIXED",138
39,"MGCV FIXED",139
40,"MGCV FIXED",140
41,"MGCV FIXED",141
42,"MGCV FIXED",142
43,"MGCV FIXED",143
44,"MGCV FIXED",144
45,"MGCV FIXED",145
46,"MGCV FIXED",146
47,"MGCV FIXED",147
48,"MGCV FIXED",148
49,"MGCV FIXED",149
50,"MGCV FIXED",150
51,"MGCV FIXED",151
52,"MGCV FIXED",152
53,"MGCV FIXED",153
54,"MGCV FIXED",154
55,"MGCV FIXED",155
56,"MGCV FIXED",156
57,"MGCV FIXED",157
58,"MGCV FIXED",158
59,"MGCV FIXED",159
60,"MGCV FIXED",160
61,"MGCV FIXED",161
62,"MGCV FIXED",162
63,"MGCV FIXED",163
64,"MGCV FIXED",164
65,"MGCV FIXED",165
66,"MGCV FIXED",166
67,"MGCV FIXED",167
68,"MGCV FIXED",168
69,"MGCV FIXED",169
70,"MGCV FIXED",170
71,"MGCV FIXED",171
72,"MGCV FIXED",172
73,"MGCV FIXED",173
74,"MGCV FIXED",174
75,"MGCV FIXED",175
76,"MGCV FIXED",176
77,"MGCV FIXED",177
78,"MGCV FIXED",178
79,"MGCV FIXED",179
80,"MGCV FIXED",180
81,"MGCV FIXED",181
82,"MGCV FIXED",182
83,"MGCV FIXED",183
84,"MGCV FIXED",184
85,"MGCV FIXED",185
86,"MGCV FIXED",186
87,"MGCV FIXED",187
88,"MGCV FIXED",188
89,"MGCV FIXED",189
90,"MGCV FIXED",190
91,"MGCV FIXED",191
92,"MGCV FIXED",192
93,"MGCV FIXED",193
94,"MGCV FIXED",194
95,"MGCV FIXED",195
96,"MGCV FIXED",196
97,"MGCV FIXED",197
98,"MGCV FIXED",198
99,"MGCV FIXED",199
100,"MGCV FIXED",200
1,"SCAMPR",201
2,"SCAMPR",202
3,"SCAMPR",203
4,"SCAMPR",204
5,"SCAMPR",205
6,"SCAMPR",206
7,"SCAMPR",207
8,"SCAMPR",208
9,"SCAMPR",209
10,"SCAMPR",210
11,"SCAMPR",211
12,"SCAMPR",212
13,"SCAMPR",213
14,"SCAMPR",214
15,"SCAMPR",215
16,"SCAMPR",216
17,"SCAMPR",217
18,"SCAMPR",218
19,"SCAMPR",219
20,"SCAMPR",220
21,"SCAMPR",221
22,"SCAMPR",222
23,"SCAMPR",223
24,"SCAMPR",224
25,"SCAMPR",225
26,"SCAMPR",226
27,"SCAMPR",227
28,"SCAMPR",228
29,"SCAMPR",229
30,"SCAMPR",230
31,"SCAMPR",231
32,"SCAMPR",232
33,"SCAMPR",233
34,"SCAMPR",234
35,"SCAMPR",235
36,"SCAMPR",236
37,"SCAMPR",237
38,"SCAMPR",238
39,"SCAMPR",239
40,"SCAMPR",240
41,"SCAMPR",241
42,"SCAMPR",242
43,"SCAMPR",243
44,"SCAMPR",244
45,"SCAMPR",245
46,"SCAMPR",246
47,"SCAMPR",247
48,"SCAMPR",248
49,"SCAMPR",249
50,"SCAMPR",250
51,"SCAMPR",251
52,"SCAMPR",252
53,"SCAMPR",253
54,"SCAMPR",254
55,"SCAMPR",255
56,"SCAMPR",256
57,"SCAMPR",257
58,"SCAMPR",258
59,"SCAMPR",259
60,"SCAMPR",260
61,"SCAMPR",261
62,"SCAMPR",262
63,"SCAMPR",263
64,"SCAMPR",264
65,"SCAMPR",265
66,"SCAMPR",266
67,"SCAMPR",267
68,"SCAMPR",268
69,"SCAMPR",269
70,"SCAMPR",270
71,"SCAMPR",271
72,"SCAMPR",272
73,"SCAMPR",273
74,"SCAMPR",274
75,"SCAMPR",275
76,"SCAMPR",276
77,"SCAMPR",277
78,"SCAMPR",278
79,"SCAMPR",279
80,"SCAMPR",280
81,"SCAMPR",281
82,"SCAMPR",282
83,"SCAMPR",283
84,"SCAMPR",284
85,"SCAMPR",285
86,"SCAMPR",286
87,"SCAMPR",287
88,"SCAMPR",288
89,"SCAMPR",289
90,"SCAMPR",290
91,"SCAMPR",291
92,"SCAMPR",292
93,"SCAMPR",293
94,"SCAMPR",294
95,"SCAMPR",295
96,"SCAMPR",296
97,"SCAMPR",297
98,"SCAMPR",298
99,"SCAMPR",299
100,"SCAMPR",300
1,"SCAMPR FIXED",301
2,"SCAMPR FIXED",302
3,"SCAMPR FIXED",303
4,"SCAMPR FIXED",304
5,"SCAMPR FIXED",305
6,"SCAMPR FIXED",306
7,"SCAMPR FIXED",307
8,"SCAMPR FIXED",308
9,"SCAMPR FIXED",309
10,"SCAMPR FIXED",310
11,"SCAMPR FIXED",311
12,"SCAMPR FIXED",312
13,"SCAMPR FIXED",313
14,"SCAMPR FIXED",314
15,"SCAMPR FIXED",315
16,"SCAMPR FIXED",316
17,"SCAMPR FIXED",317
18,"SCAMPR FIXED",318
19,"SCAMPR FIXED",319
20,"SCAMPR FIXED",320
21,"SCAMPR FIXED",321
22,"SCAMPR FIXED",322
23,"SCAMPR FIXED",323
24,"SCAMPR FIXED",324
25,"SCAMPR FIXED",325
26,"SCAMPR FIXED",326
27,"SCAMPR FIXED",327
28,"SCAMPR FIXED",328
29,"SCAMPR FIXED",329
30,"SCAMPR FIXED",330
31,"SCAMPR FIXED",331
32,"SCAMPR FIXED",332
33,"SCAMPR FIXED",333
34,"SCAMPR FIXED",334
35,"SCAMPR FIXED",335
36,"SCAMPR FIXED",336
37,"SCAMPR FIXED",337
38,"SCAMPR FIXED",338
39,"SCAMPR FIXED",339
40,"SCAMPR FIXED",340
41,"SCAMPR FIXED",341
42,"SCAMPR FIXED",342
43,"SCAMPR FIXED",343
44,"SCAMPR FIXED",344
45,"SCAMPR FIXED",345
46,"SCAMPR FIXED",346
47,"SCAMPR FIXED",347
48,"SCAMPR FIXED",348
49,"SCAMPR FIXED",349
50,"SCAMPR FIXED",350
51,"SCAMPR FIXED",351
52,"SCAMPR FIXED",352
53,"SCAMPR FIXED",353
54,"SCAMPR FIXED",354
55,"SCAMPR FIXED",355
56,"SCAMPR FIXED",356
57,"SCAMPR FIXED",357
58,"SCAMPR FIXED",358
59,"SCAMPR FIXED",359
60,"SCAMPR FIXED",360
61,"SCAMPR FIXED",361
62,"SCAMPR FIXED",362
63,"SCAMPR FIXED",363
64,"SCAMPR FIXED",364
65,"SCAMPR FIXED",365
66,"SCAMPR FIXED",366
67,"SCAMPR FIXED",367
68,"SCAMPR FIXED",368
69,"SCAMPR FIXED",369
70,"SCAMPR FIXED",370
71,"SCAMPR FIXED",371
72,"SCAMPR FIXED",372
73,"SCAMPR FIXED",373
74,"SCAMPR FIXED",374
75,"SCAMPR FIXED",375
76,"SCAMPR FIXED",376
77,"SCAMPR FIXED",377
78,"SCAMPR FIXED",378
79,"SCAMPR FIXED",379
80,"SCAMPR FIXED",380
81,"SCAMPR FIXED",381
82,"SCAMPR FIXED",382
83,"SCAMPR FIXED",383
84,"SCAMPR FIXED",384
85,"SCAMPR FIXED",385
86,"SCAMPR FIXED",386
87,"SCAMPR FIXED",387
88,"SCAMPR FIXED",388
89,"SCAMPR FIXED",389
90,"SCAMPR FIXED",390
91,"SCAMPR FIXED",391
92,"SCAMPR FIXED",392
93,"SCAMPR FIXED",393
94,"SCAMPR FIXED",394
95,"SCAMPR FIXED",395
96,"SCAMPR FIXED",396
97,"SCAMPR FIXED",397
98,"SCAMPR FIXED",398
99,"SCAMPR FIXED",399
100,"SCAMPR FIXED",400
1,"INLA PA",401
2,"INLA PA",402
3,"INLA PA",403
4,"INLA PA",404
5,"INLA PA",405
6,"INLA PA",406
7,"INLA PA",407
8,"INLA PA",408
9,"INLA PA",409
10,"INLA PA",410
11,"INLA PA",411
12,"INLA PA",412
13,"INLA PA",413
14,"INLA PA",414
15,"INLA PA",415
16,"INLA PA",416
17,"INLA PA",417
18,"INLA PA",418
19,"INLA PA",419
20,"INLA PA",420
21,"INLA PA",421
22,"INLA PA",422
23,"INLA PA",423
24,"INLA PA",424
25,"INLA PA",425
26,"INLA PA",426
27,"INLA PA",427
28,"INLA PA",428
29,"INLA PA",429
30,"INLA PA",430
31,"INLA PA",431
32,"INLA PA",432
33,"INLA PA",433
34,"INLA PA",434
35,"INLA PA",435
36,"INLA PA",436
37,"INLA PA",437
38,"INLA PA",438
39,"INLA PA",439
40,"INLA PA",440
41,"INLA PA",441
42,"INLA PA",442
43,"INLA PA",443
44,"INLA PA",444
45,"INLA PA",445
46,"INLA PA",446
47,"INLA PA",447
48,"INLA PA",448
49,"INLA PA",449
50,"INLA PA",450
51,"INLA PA",451
52,"INLA PA",452
53,"INLA PA",453
54,"INLA PA",454
55,"INLA PA",455
56,"INLA PA",456
57,"INLA PA",457
58,"INLA PA",458
59,"INLA PA",459
60,"INLA PA",460
61,"INLA PA",461
62,"INLA PA",462
63,"INLA PA",463
64,"INLA PA",464
65,"INLA PA",465
66,"INLA PA",466
67,"INLA PA",467
68,"INLA PA",468
69,"INLA PA",469
70,"INLA PA",470
71,"INLA PA",471
72,"INLA PA",472
73,"INLA PA",473
74,"INLA PA",474
75,"INLA PA",475
76,"INLA PA",476
77,"INLA PA",477
78,"INLA PA",478
79,"INLA PA",479
80,"INLA PA",480
81,"INLA PA",481
82,"INLA PA",482
83,"INLA PA",483
84,"INLA PA",484
85,"INLA PA",485
86,"INLA PA",486
87,"INLA PA",487
88,"INLA PA",488
89,"INLA PA",489
90,"INLA PA",490
91,"INLA PA",491
92,"INLA PA",492
93,"INLA PA",493
94,"INLA PA",494
95,"INLA PA",495
96,"INLA PA",496
97,"INLA PA",497
98,"INLA PA",498
99,"INLA PA",499
100,"INLA PA",500
1,"INLA PO",501
2,"INLA PO",502
3,"INLA PO",503
4,"INLA PO",504
5,"INLA PO",505
6,"INLA PO",506
7,"INLA PO",507
8,"INLA PO",508
9,"INLA PO",509
10,"INLA PO",510
11,"INLA PO",511
12,"INLA PO",512
13,"INLA PO",513
14,"INLA PO",514
15,"INLA PO",515
16,"INLA PO",516
17,"INLA PO",517
18,"INLA PO",518
19,"INLA PO",519
20,"INLA PO",520
21,"INLA PO",521
22,"INLA PO",522
23,"INLA PO",523
24,"INLA PO",524
25,"INLA PO",525
26,"INLA PO",526
27,"INLA PO",527
28,"INLA PO",528
29,"INLA PO",529
30,"INLA PO",530
31,"INLA PO",531
32,"INLA PO",532
33,"INLA PO",533
34,"INLA PO",534
35,"INLA PO",535
36,"INLA PO",536
37,"INLA PO",537
38,"INLA PO",538
39,"INLA PO",539
40,"INLA PO",540
41,"INLA PO",541
42,"INLA PO",542
43,"INLA PO",543
44,"INLA PO",544
45,"INLA PO",545
46,"INLA PO",546
47,"INLA PO",547
48,"INLA PO",548
49,"INLA PO",549
50,"INLA PO",550
51,"INLA PO",551
52,"INLA PO",552
53,"INLA PO",553
54,"INLA PO",554
55,"INLA PO",555
56,"INLA PO",556
57,"INLA PO",557
58,"INLA PO",558
59,"INLA PO",559
60,"INLA PO",560
61,"INLA PO",561
62,"INLA PO",562
63,"INLA PO",563
64,"INLA PO",564
65,"INLA PO",565
66,"INLA PO",566
67,"INLA PO",567
68,"INLA PO",568
69,"INLA PO",569
70,"INLA PO",570
71,"INLA PO",571
72,"INLA PO",572
73,"INLA PO",573
74,"INLA PO",574
75,"INLA PO",575
76,"INLA PO",576
77,"INLA PO",577
78,"INLA PO",578
79,"INLA PO",579
80,"INLA PO",580
81,"INLA PO",581
82,"INLA PO",582
83,"INLA PO",583
84,"INLA PO",584
85,"INLA PO",585
86,"INLA PO",586
87,"INLA PO",587
88,"INLA PO",588
89,"INLA PO",589
90,"INLA PO",590
91,"INLA PO",591
92,"INLA PO",592
93,"INLA PO",593
94,"INLA PO",594
95,"INLA PO",595
96,"INLA PO",596
97,"INLA PO",597
98,"INLA PO",598
99,"INLA PO",599
100,"INLA PO",600
1,"INLA IDM",601
2,"INLA IDM",602
3,"INLA IDM",603
4,"INLA IDM",604
5,"INLA IDM",605
6,"INLA IDM",606
7,"INLA IDM",607
8,"INLA IDM",608
9,"INLA IDM",609
10,"INLA IDM",610
11,"INLA IDM",611
12,"INLA IDM",612
13,"INLA IDM",613
14,"INLA IDM",614
15,"INLA IDM",615
16,"INLA IDM",616
17,"INLA IDM",617
18,"INLA IDM",618
19,"INLA IDM",619
20,"INLA IDM",620
21,"INLA IDM",621
22,"INLA IDM",622
23,"INLA IDM",623
24,"INLA IDM",624
25,"INLA IDM",625
26,"INLA IDM",626
27,"INLA IDM",627
28,"INLA IDM",628
29,"INLA IDM",629
30,"INLA IDM",630
31,"INLA IDM",631
32,"INLA IDM",632
33,"INLA IDM",633
34,"INLA IDM",634
35,"INLA IDM",635
36,"INLA IDM",636
37,"INLA IDM",637
38,"INLA IDM",638
39,"INLA IDM",639
40,"INLA IDM",640
41,"INLA IDM",641
42,"INLA IDM",642
43,"INLA IDM",643
44,"INLA IDM",644
45,"INLA IDM",645
46,"INLA IDM",646
47,"INLA IDM",647
48,"INLA IDM",648
49,"INLA IDM",649
50,"INLA IDM",650
51,"INLA IDM",651
52,"INLA IDM",652
53,"INLA IDM",653
54,"INLA IDM",654
55,"INLA IDM",655
56,"INLA IDM",656
57,"INLA IDM",657
58,"INLA IDM",658
59,"INLA IDM",659
60,"INLA IDM",660
61,"INLA IDM",661
62,"INLA IDM",662
63,"INLA IDM",663
64,"INLA IDM",664
65,"INLA IDM",665
66,"INLA IDM",666
67,"INLA IDM",667
68,"INLA IDM",668
69,"INLA IDM",669
70,"INLA IDM",670
71,"INLA IDM",671
72,"INLA IDM",672
73,"INLA IDM",673
74,"INLA IDM",674
75,"INLA IDM",675
76,"INLA IDM",676
77,"INLA IDM",677
78,"INLA IDM",678
79,"INLA IDM",679
80,"INLA IDM",680
81,"INLA IDM",681
82,"INLA IDM",682
83,"INLA IDM",683
84,"INLA IDM",684
85,"INLA IDM",685
86,"INLA IDM",686
87,"INLA IDM",687
88,"INLA IDM",688
89,"INLA IDM",689
90,"INLA IDM",690
91,"INLA IDM",691
92,"INLA IDM",692
93,"INLA IDM",693
94,"INLA IDM",694
95,"INLA IDM",695
96,"INLA IDM",696
97,"INLA IDM",697
98,"INLA IDM",698
99,"INLA IDM",699
100,"INLA IDM",700
